type,time_stamp,name,summary
6,2016-12-13 10:24:48,Call Manager/High,"[            cmdiag.c   1144] =CM= cmdiag_cm_state_info standby_pref 1, active_subs 1"
6,2016-12-13 10:24:48,Call Manager/High,"[            cmdiag.c   1146] =CM= cmdiag_cm_state_info main 0, h2 0, h3 0"
6,2016-12-13 10:24:48,Call Manager/High,[            cmdiag.c   1154] =CM= cmdiag_cm_state_info main_first 0
6,2016-12-13 10:24:48,Call Manager/High,[            cmdiag.c   3155] =CM= cmdiag_cm_state_info_per_subs as_id 1
6,2016-12-13 10:24:48,Call Manager/High,[            cmdiag.c   3155] =CM= cmdiag_cm_state_info_per_subs as_id 2
6,2016-12-13 10:24:48,Call Manager/High,[              cmph.c  49209] =CM= Is as_id valid 1
6,2016-12-13 10:24:48,Call Manager/High,[              cmph.c  49209] =CM= Is as_id valid 1
6,2016-12-13 10:24:49,Call Manager/High,[              cmph.c  49209] =CM= Is as_id valid 1
6,2016-12-13 10:24:49,Call Manager/High,[              cmph.c  49209] =CM= Is as_id valid 1
6,2016-12-13 10:24:50,Call Manager/High,[              cmph.c  49209] =CM= Is as_id valid 1
6,2016-12-13 10:24:50,Call Manager/High,[              cmph.c  49209] =CM= Is as_id valid 1
6,2016-12-13 10:24:51,Call Manager/High,[              cmph.c  49209] =CM= Is as_id valid 1
6,2016-12-13 10:24:51,Call Manager/High,[              cmph.c  49209] =CM= Is as_id valid 1
6,2016-12-13 10:24:52,Call Manager/High,[              cmph.c  49209] =CM= Is as_id valid 1
6,2016-12-13 10:24:52,Call Manager/High,[              cmph.c  49209] =CM= Is as_id valid 1
6,2016-12-13 10:24:53,Call Manager/High,[              cmph.c  49209] =CM= Is as_id valid 1
6,2016-12-13 10:24:53,Call Manager/High,[              cmph.c  49209] =CM= Is as_id valid 1
6,2016-12-13 10:24:54,Call Manager/High,[              cmph.c  49209] =CM= Is as_id valid 1
6,2016-12-13 10:24:54,Call Manager/High,[              cmph.c  49209] =CM= Is as_id valid 1
6,2016-12-13 10:24:54,Call Manager/High,"[                cm.c   7801] =CM= cm_ph_cmd_oprt_mode(), mode=5"
6,2016-12-13 10:24:54,Call Manager/High,"[             cmdbg.c   3411] =CM= CMD alloc u=3632, tsk=ds"
6,2016-12-13 10:24:54,Call Manager/High,[             cmdbg.c   3538] =CM= >>CM phcmd 0: 4
6,2016-12-13 10:24:54,Call Manager/High,"[            cmtask.c  10750] =CM= reset cmd_ptr->is_reused = 0, cmd_ptr = 0x86e29ff0"
6,2016-12-13 10:24:54,Call Manager/High,"[              cmph.c  13042] =CM= cmph_client_cmd_check(), cmd=0, asubs_id=0, ss=0"
6,2016-12-13 10:24:54,Call Manager/High,[              cmph.c   3836] =CM= No need to inform PS_Detach to IPAPPS as oprt mode is not ONLINE
6,2016-12-13 10:24:54,Call Manager/High,[              cmph.c  23722] =CM= MMSOA: Notify SD - dynamic switch_enabled=0
6,2016-12-13 10:24:54,Call Manager/High,[           cmpmprx.c   4152] =CM= PMPRX<< CM: SYS_SEL_PREF asubs_id 0
6,2016-12-13 10:24:54,Call Manager/High,[           cmpmprx.c   4164] =CM= PMPRX: New preferences have no effect on policy
6,2016-12-13 10:24:54,Call Manager/High,[              cmph.c  48436] =CM= sub 0 TOT: num_rat : 6
6,2016-12-13 10:24:54,Call Manager/High,[              cmph.c  48441] =CM= sub 0 TOT: acq_sys_mode[0] = 9
6,2016-12-13 10:24:54,Call Manager/High,[              cmph.c  48441] =CM= sub 0 TOT: acq_sys_mode[1] = 5
6,2016-12-13 10:24:54,Call Manager/High,[              cmph.c  48441] =CM= sub 0 TOT: acq_sys_mode[2] = 3
6,2016-12-13 10:24:54,Call Manager/High,[              cmph.c  48441] =CM= sub 0 TOT: acq_sys_mode[3] = 2
6,2016-12-13 10:24:54,Call Manager/High,[              cmph.c  48441] =CM= sub 0 TOT: acq_sys_mode[4] = 4
6,2016-12-13 10:24:54,Call Manager/High,[              cmph.c  48441] =CM= sub 0 TOT: acq_sys_mode[5] = 11
6,2016-12-13 10:24:54,Call Manager/High,"[              cmph.c  15446] =CM= Reload PH settings:mode_pref 39, hybr_pref 1, srv_domain 2"
6,2016-12-13 10:24:54,Call Manager/High,[              cmph.c  15447] =CM= network_sel_mode_pref 0
6,2016-12-13 10:24:54,Call Manager/High,"[              cmph.c  17280] =CM= go online cdma 0, gwl 0"
6,2016-12-13 10:24:54,Call Manager/High,"[              cmph.c  17284] =CM= go online hybr_gw 0, hybr_gw3 0"
6,2016-12-13 10:24:54,Call Manager/High,[              cmph.c  17467] =CM= LPM to ONLINE. ph_ptr PLMN and CSG ID reset
6,2016-12-13 10:24:54,Call Manager/High,"[              cmph.c  17495] =CM= Online pref: mode_pref 39, srv_domain 2, net_sel_mode 0"
6,2016-12-13 10:24:54,Call Manager/High,"[              cmph.c  42677] =CM= Calling cmph_force_pref_on_the_fly(), ss=4, force_reason=0,act_type=18"
6,2016-12-13 10:24:54,Call Manager/High,"[              cmph.c  42679] =CM= Calling cmph_force_pref_on_the_fly(), act_update_reas=3, net_sel_pref=0"
6,2016-12-13 10:24:54,Call Manager/High,[              cmph.c   6273] =CM=  net_sel_mode 0 --> orig_mode 0
6,2016-12-13 10:24:54,Call Manager/High,"[              cmph.c  42910] =CM= cmph_force_pref_on_the_fly(),ss=4,act_type=18,orig_mode(computed new)=0"
6,2016-12-13 10:24:54,Call Manager/High,[              cmph.c  42952] =CM= Update data call pri act_update_reas = 3
6,2016-12-13 10:24:54,Call Manager/High,[            cmtask.c   6285] =CM= cmtask_change_act_priority act_type 10 ss 0 new_priority 231
6,2016-12-13 10:24:54,Call Manager/High,[            cmtask.c   6285] =CM= cmtask_change_act_priority act_type 10 ss 0 new_priority 231
6,2016-12-13 10:24:54,Call Manager/High,"[              cmph.c  42991] =CM= cmph_force_pref_on_the_fly(): ph_orig_top_ptr->orig->user_mode_pref = 39, act_update_reas=3"
6,2016-12-13 10:24:54,Call Manager/High,"[              cmph.c  42994] =CM= cmph_force_pref_on_the_fly():mode_pref=39, orig_mode_pref=39"
6,2016-12-13 10:24:54,Call Manager/High,"[              cmph.c  43315] =CM= Forced per user request, ss 4 act_update_reas 3,ph_orig_top_ptr->orig->user_mode_pref = 39 "
6,2016-12-13 10:24:54,Call Manager/High,[            cmtask.c   5056] =CM= cmtask_orig_para_delete act_type 18 act_id -787654616 ss 0
6,2016-12-13 10:24:54,Call Manager/High,[            cmtask.c   5229] =CM= cmtask_orig_para_insert act_type 18 act_id -787654616 ss 0
6,2016-12-13 10:24:54,Call Manager/High,[            cmtask.c   5056] =CM= cmtask_orig_para_delete act_type 18 act_id -787654616 ss 1
6,2016-12-13 10:24:54,Call Manager/High,[            cmtask.c   5229] =CM= cmtask_orig_para_insert act_type 18 act_id -787654616 ss 1
6,2016-12-13 10:24:54,Call Manager/High,[              cmph.c  43429] =CM= is_hybr_1_top_ptr_changed=1 main 1
6,2016-12-13 10:24:54,Call Manager/High,[              cmph.c  43431] =CM= cmph_force_pref_on_the_fly(): ph_orig_top_ptr->orig->user_mode_pref = 39
6,2016-12-13 10:24:54,Call Manager/High,"[              cmph.c  43466] =CM= is_top_ptr_changed=0,is_main_top_ptr_changed=1,is_hybr_1_top_ptr_changed=1"
6,2016-12-13 10:24:54,Call Manager/High,[              cmph.c  43468] =CM= is_hybr_2_top_ptr_changed=0
6,2016-12-13 10:24:54,Call Manager/High,[              cmph.c  28661] =CM= cmph_is_new_policy_apply(): ss 4
6,2016-12-13 10:24:54,Call Manager/High,[              cmph.c  28672] =CM= Changed SS 0
6,2016-12-13 10:24:54,Call Manager/High,[              cmph.c  43498] =CM= Calling cmmsimc_proc_cmd_pref_sys_chgd() with:
6,2016-12-13 10:24:54,Call Manager/High,"[              cmph.c  43500] =CM= ss = 4, asubs_id=0, mode_pref = 39"
6,2016-12-13 10:24:54,Call Manager/High,"[              cmph.c  43502] =CM= force_reason = 0, act_type = 18, net_sel_pref = 0"
6,2016-12-13 10:24:54,Call Manager/High,"[              cmph.c  43504] =CM= prl_pref = 16383, roam_pref = 255, hybr_pref = 1"
6,2016-12-13 10:24:54,Call Manager/High,"[              cmph.c  43506] =CM= srv_domain_pref = 2, otasp_act_code = 101, force_term = 0"
6,2016-12-13 10:24:54,Call Manager/High,"[              cmph.c  43511] =CM= bands(MSB): cgw 0x00020000, lte 0x000001a0 tds 0x00000000"
6,2016-12-13 10:24:54,Call Manager/High,"[              cmph.c  43515] =CM= bands(LSB): cgw 0x04400380, lte 0x000800d5 tds 0x0000003f"
6,2016-12-13 10:24:54,Call Manager/High,"[        cmsimcoord.c   1291] =CM= MSIMC: table event=4, corr_tbl_idx=27"
6,2016-12-13 10:24:54,Call Manager/High,"[        cmsimcoord.c   1305] =CM= MSIMC: table state=4, action=0, new_state=3"
6,2016-12-13 10:24:54,Call Manager/High,"[             cmmsc.c   2289] =CM= pref_chgd: cm_ss=4, pref mode_pref=39, is_new_policy_tobe_read=0"
6,2016-12-13 10:24:54,Call Manager/Medium,"[             cmmsc.c   2148] =CM= MSC: Check if OK to force prefs call_id: 255 force_reas: 0, act_reas: 3"
6,2016-12-13 10:24:54,Call Manager/High,"[             cmmsc.c   2206] =CM= cmmsc_current_stack_preference(): mode_pref  39, band_pref 0x4400380, lte_band_pref 0x800d5"
6,2016-12-13 10:24:54,Call Manager/High,[             cmmsc.c   2208] =CM= cmmsc_current_stack_preference(): tds_band_pref  0x3f
6,2016-12-13 10:24:54,Call Manager/High,"[             cmmsc.c   2359] =CM= OP_MODE: ph obj orig_mode_pref=39, act_type=18"
6,2016-12-13 10:24:54,Call Manager/High,"[        cmmsc_auto.c   2794] =CM= OP_MODE: is_new_policy_tobe_read 0, is_oprt_sub_change 0"
6,2016-12-13 10:24:54,Call Manager/High,[             cmmsc.c   1252] =CM= MSC: Not eligible to read the new policy so send default value 
6,2016-12-13 10:24:54,Call Manager/High,[        cmmsc_auto.c   3528] =CM= OP_MODE: mode_pref 0x6a8 & PM mode_cap 0x6a8 = 0x6a8
6,2016-12-13 10:24:54,Call Manager/Medium,[        cmmsc_auto.c   3087] =CM= CMMSC_AUTO: Hybrid GWL Not Allowed since sub is not 1xsxlte config
6,2016-12-13 10:24:54,Call Manager/High,"[        cmmsc_auto.c   2801] =CM= OP_MODE: updating op_mode, cdma sub 0 hybr1_allowed 1 hybr2_allowed 0"
6,2016-12-13 10:24:54,Call Manager/High,[             cmmsc.c   1252] =CM= MSC: Not eligible to read the new policy so send default value 
6,2016-12-13 10:24:54,Call Manager/High,"[             cmmsc.c   2539] =CM= MSC: pref_chgd: net_sel_mode=0, old_op_mode=11, new_op_mode=11"
6,2016-12-13 10:24:54,Call Manager/High,"[             cmmsc.c   5980] =CM= update_stack_preference(): mode_pref Old 39, new 39"
6,2016-12-13 10:24:54,Call Manager/High,"[             cmmsc.c   5981] =CM= update_stack_preference(): band_pref Old 0x4400380, new 0x4400380"
6,2016-12-13 10:24:54,Call Manager/High,"[             cmmsc.c   5982] =CM= update_stack_preference(): lte_band_pref Old 0x800d5, new 0x800d5"
6,2016-12-13 10:24:54,Call Manager/High,"[             cmmsc.c   5983] =CM= update_stack_preference(): tds_band_pref Old 0x3f, new 0x3f"
6,2016-12-13 10:24:54,Call Manager/High,"[             cmmsc.c   5264] =CM= MSC: info asubs_id=0, PM ue_mode=0, route_tbl id=0"
6,2016-12-13 10:24:54,Call Manager/High,"[             cmmsc.c   5273] =CM= MSC: table stack_id 0, curr state=0 tbl_stk_state 0"
6,2016-12-13 10:24:54,Call Manager/High,"[             cmmsc.c   5273] =CM= MSC: table stack_id 1, curr state=0 tbl_stk_state 0"
6,2016-12-13 10:24:54,Call Manager/High,"[             cmmsc.c   5273] =CM= MSC: table stack_id 2, curr state=0 tbl_stk_state 0"
6,2016-12-13 10:24:54,Call Manager/High,"[             cmmsc.c   5282] =CM= MSC: table event=13, op_mode=11, route_tbl_idx=30"
6,2016-12-13 10:24:54,Call Manager/High,[             cmmsc.c    682] =CM= MSC: execute action 17 on stack_idx 1 from tbl_idx 30
6,2016-12-13 10:24:54,Call Manager/High,"[             cmmsc.c    625] =CM= HICPS: ss 1 ph_obj_mode: 1704, is_ph_obj_gw_mode: 1"
6,2016-12-13 10:24:54,Call Manager/High,[             cmmsc.c    628] =CM= HICPS: srv_status 0 sys_mode 9 pref_update_reason: 0
6,2016-12-13 10:24:54,Call Manager/High,"[             cmmsc.c   3950] =CM= MSC->MMOC: pref_chgd, ss 1, stack rat_cap=0x6a8, mode_pref=39"
6,2016-12-13 10:24:54,Call Manager/High,"[             cmmsc.c   3953] =CM= MSC->MMOC: pref_chgd, sub max_cap=0x228, pm rat_cap=0x228"
6,2016-12-13 10:24:54,Call Manager/High,"[             cmmsc.c   3957] =CM= MSC->MMOC: pref_chgd, user_mode_pref=0x6a8, hybr_pref=1, orig_mode=0"
6,2016-12-13 10:24:54,Call Manager/High,[             cmmsc.c   4152] =CM= clear ph_orig_top_ptr pref_update_reason
6,2016-12-13 10:24:54,Call Manager/High,[             cmmsc.c    682] =CM= MSC: execute action 17 on stack_idx 0 from tbl_idx 30
6,2016-12-13 10:24:54,Call Manager/High,"[             cmmsc.c    625] =CM= HICPS: ss 0 ph_obj_mode: 1704, is_ph_obj_gw_mode: 1"
6,2016-12-13 10:24:54,Call Manager/High,[             cmmsc.c    628] =CM= HICPS: srv_status 0 sys_mode 9 pref_update_reason: 0
6,2016-12-13 10:24:54,Call Manager/High,"[             cmmsc.c   3950] =CM= MSC->MMOC: pref_chgd, ss 0, stack rat_cap=0x6a8, mode_pref=39"
6,2016-12-13 10:24:54,Call Manager/High,"[             cmmsc.c   3953] =CM= MSC->MMOC: pref_chgd, sub max_cap=0x228, pm rat_cap=0x228"
6,2016-12-13 10:24:54,Call Manager/High,"[             cmmsc.c   3957] =CM= MSC->MMOC: pref_chgd, user_mode_pref=0x6a8, hybr_pref=1, orig_mode=0"
6,2016-12-13 10:24:54,Call Manager/High,[             cmmsc.c   4152] =CM= clear ph_orig_top_ptr pref_update_reason
6,2016-12-13 10:24:54,Call Manager/High,[             cmmsc.c    682] =CM= MSC: execute action 0 on stack_idx 2 from tbl_idx 30
6,2016-12-13 10:24:54,Call Manager/High,[        cmsimcoord.c   1229] =CM= MSIMC: updating sim 0 no state change
6,2016-12-13 10:24:54,Call Manager/High,"[        cmsimcoord.c   1291] =CM= MSIMC: table event=10, corr_tbl_idx=-1"
6,2016-12-13 10:24:54,Call Manager/High,[              cmph.c  23735] =CM= ph_ptr->pwr_up_done 1
6,2016-12-13 10:24:54,Call Manager/High,"[          cmmmgsdi.c   7196] =CM= oprt_mode_online: cmmmgsdi_count_given_state, index 0, state 0"
6,2016-12-13 10:24:54,Call Manager/High,"[          cmmmgsdi.c   7196] =CM= oprt_mode_online: cmmmgsdi_count_given_state, index 1, state 0"
6,2016-12-13 10:24:54,Call Manager/High,"[          cmmmgsdi.c   7196] =CM= oprt_mode_online: cmmmgsdi_count_given_state, index 2, state 0"
6,2016-12-13 10:24:54,Call Manager/High,"[          cmmmgsdi.c   7196] =CM= oprt_mode_online: cmmmgsdi_count_given_state, index 3, state 0"
6,2016-12-13 10:24:54,Call Manager/High,"[          cmmmgsdi.c   7196] =CM= oprt_mode_online: cmmmgsdi_count_given_state, index 4, state 0"
6,2016-12-13 10:24:54,Call Manager/High,"[          cmmmgsdi.c   7196] =CM= oprt_mode_online: cmmmgsdi_count_given_state, index 5, state 0"
6,2016-12-13 10:24:54,Call Manager/High,"[          cmmmgsdi.c   7203] =CM= oprt_mode_online: cmmmgsdi_count_given_state, count 0"
6,2016-12-13 10:24:54,Call Manager/High,[              cmph.c  23754] =CM= oprt_mode_online: Sending operating mode online to MMOC
6,2016-12-13 10:24:54,Call Manager/High,[              cmph.c  44677] =CM= Send DDTM status=0 mask 0x0 num_srv_opt 5
6,2016-12-13 10:24:54,Call Manager/High,[              cmph.c  44680] =CM= Send DDTM so list action = -1
6,2016-12-13 10:24:54,Call Manager/High,[              cmph.c   7830] =CM= CM PH Event: 33
6,2016-12-13 10:24:54,Call Manager/High,"[              cmph.c  36498] =CM= mode_pref 39, pref_term 0"
6,2016-12-13 10:24:54,Call Manager/High,"[              cmph.c  36508] =CM= rat_disabled_mask as_id_0 0x0, as_id_1 0x0"
6,2016-12-13 10:24:54,Call Manager/High,"[              cmph.c  20016] =CM= RAT_DISABLED_MASK: sys_mode 9, is_rat_disabled=0, on as_id 0"
6,2016-12-13 10:24:54,Call Manager/High,"[              cmph.c  20016] =CM= RAT_DISABLED_MASK: sys_mode 4, is_rat_disabled=0, on as_id 0"
6,2016-12-13 10:24:54,Call Manager/High,[              cmph.c  36547] =CM= After updating from rat_disabled_mask mode_pref 39
6,2016-12-13 10:24:54,Call Manager/High,[             cmdbg.c   3701] =CM= <<CM1 phevt=33
6,2016-12-13 10:24:54,Call Manager/High,[          cmclient.c   1911] =CM= ph evt 33 ct 1 cid id 1
6,2016-12-13 10:24:54,Call Manager/High,[          cmclient.c   1911] =CM= ph evt 33 ct 11 cid id 11
6,2016-12-13 10:24:54,Call Manager/High,[          cmclient.c   1911] =CM= ph evt 33 ct 17 cid id 27
6,2016-12-13 10:24:54,Call Manager/High,[          cmclient.c   1911] =CM= ph evt 33 ct 17 cid id 28
6,2016-12-13 10:24:54,Call Manager/High,[             cmdbg.c   5089] =CM= CM>> LL cmd=28
6,2016-12-13 10:24:54,Call Manager/High,[             cmxll.c    740] =CM= Send cmd 28 to MC
6,2016-12-13 10:24:54,Call Manager/High,[              cmph.c  23795] =CM= oprt_mode_online: done
6,2016-12-13 10:24:54,Call Manager/High,"[        cmsimcoord.c   1345] =CM= MSIMC: as_id=0, sub_fmode=0"
6,2016-12-13 10:24:54,Call Manager/High,[        cmsimcoord.c   1468] =CM= MSIMC: oprt_chgd: 6->5
6,2016-12-13 10:24:54,Call Manager/High,[        cmsimcoord.c   1433] =CM= MSIMC: coordination 1 due to active_subs 1
6,2016-12-13 10:24:54,Call Manager/High,[        cmsimcoord.c   1510] =CM= MSIMC: oprt_chgd: cdma sub 0 gwl sub 0 gw2 sub 0
6,2016-12-13 10:24:54,Call Manager/High,"[        cmsimcoord.c   1514] =CM= MSIMC: oprt_chgd: gw3 sub 0 device_mode 0, ph mode_cap=0x228"
6,2016-12-13 10:24:54,Call Manager/High,"[        cmsimcoord.c   1258] =CM= MSIMC: info coordination=1, standby_pref=1"
6,2016-12-13 10:24:54,Call Manager/High,"[        cmsimcoord.c   1264] =CM= MSIMC: info sim_idx=0, sim state=0"
6,2016-12-13 10:24:54,Call Manager/High,"[        cmsimcoord.c   1291] =CM= MSIMC: table event=0, corr_tbl_idx=21"
6,2016-12-13 10:24:54,Call Manager/High,"[        cmsimcoord.c   1305] =CM= MSIMC: table state=0, action=0, new_state=2"
6,2016-12-13 10:24:54,Call Manager/High,"[             cmmsc.c   1915] =CM= MSC: oprt_chgd, asubs_id=0, sub_fmode=0"
6,2016-12-13 10:24:54,Call Manager/High,"[           cmpmprx.c   2121] =CM= PMPRX -> CM: Call Mode capability 0, subs_id 0"
6,2016-12-13 10:24:54,Call Manager/High,[           cmpmprx.c   1164] =CM= cmpmprx_reset_policy_chg_flag() on subs_id = 0 change_value = 256 policy_changes = 159
6,2016-12-13 10:24:54,Call Manager/High,"[              cmll.c    288] =CM= cm_msgr_send(), umid=33621045, inst_id=0, msgr_error=0"
6,2016-12-13 10:24:54,Call Manager/High,"[          cmemgext.c    886] =CM= CM->MSGR: CALL_MODE_IND, call_mode 0, subs_id 0"
6,2016-12-13 10:24:54,Call Manager/High,[             cmmsc.c   1252] =CM= MSC: Not eligible to read the new policy so send default value 
6,2016-12-13 10:24:54,Call Manager/High,"[             cmmsc.c   5264] =CM= MSC: info asubs_id=0, PM ue_mode=0, route_tbl id=0"
6,2016-12-13 10:24:54,Call Manager/High,"[             cmmsc.c   5273] =CM= MSC: table stack_id 0, curr state=0 tbl_stk_state 0"
6,2016-12-13 10:24:54,Call Manager/High,"[             cmmsc.c   5273] =CM= MSC: table stack_id 1, curr state=0 tbl_stk_state 0"
6,2016-12-13 10:24:54,Call Manager/High,"[             cmmsc.c   5273] =CM= MSC: table stack_id 2, curr state=0 tbl_stk_state 0"
6,2016-12-13 10:24:54,Call Manager/High,"[             cmmsc.c   5282] =CM= MSC: table event=2, op_mode=11, route_tbl_idx=13"
6,2016-12-13 10:24:54,Call Manager/High,[             cmmsc.c    682] =CM= MSC: execute action 0 on stack_idx 0 from tbl_idx 13
6,2016-12-13 10:24:54,Call Manager/High,[             cmmsc.c    682] =CM= MSC: execute action 0 on stack_idx 1 from tbl_idx 13
6,2016-12-13 10:24:54,Call Manager/High,[             cmmsc.c    682] =CM= MSC: execute action 0 on stack_idx 2 from tbl_idx 13
6,2016-12-13 10:24:54,Call Manager/High,"[             cmmsc.c   1038] =CM= MSC: updating stack 0, from state 0 to 2"
6,2016-12-13 10:24:54,Call Manager/High,"[             cmmsc.c   1038] =CM= MSC: updating stack 1, from state 0 to 2"
6,2016-12-13 10:24:54,Call Manager/High,"[             cmmsc.c   1038] =CM= MSC: updating stack 2, from state 0 to 1"
6,2016-12-13 10:24:54,Call Manager/High,"[        cmsimcoord.c   1223] =CM= MSIMC: updating sim 0, from state 0 to 2"
6,2016-12-13 10:24:54,Call Manager/High,[              cmph.c  26855] =CM= Updating Phone Object...
6,2016-12-13 10:24:54,Call Manager/High,"[              cmph.c   9811] =CM= HICPS: is_gw_mode: 1, is_ph_ptr_gw_mode: 1, is_ph_obj_gw_mode: 1"
6,2016-12-13 10:24:54,Call Manager/High,"[              cmph.c   9873] =CM= HICPS: phcmd: 0, ph_ptr->main_stack_info.pref_info.mode_pref: 39, Inserting mode preference: 39"
6,2016-12-13 10:24:54,Call Manager/High,[            cmtask.c   5056] =CM= cmtask_orig_para_delete act_type 18 act_id -787654616 ss 0
6,2016-12-13 10:24:54,Call Manager/High,[            cmtask.c   5229] =CM= cmtask_orig_para_insert act_type 18 act_id -787654616 ss 0
6,2016-12-13 10:24:54,Call Manager/High,[            cmtask.c   5056] =CM= cmtask_orig_para_delete act_type 18 act_id -787654616 ss 1
6,2016-12-13 10:24:54,Call Manager/High,[            cmtask.c   5229] =CM= cmtask_orig_para_insert act_type 18 act_id -787654616 ss 1
6,2016-12-13 10:24:54,Call Manager/High,[              cmph.c  26905] =CM= Received Reply for OPRT MODE Cmd..
6,2016-12-13 10:24:54,Call Manager/High,[              cmph.c  26957] =CM= Sending CM_PH_EVENT_OPRT_MODE to Clients
6,2016-12-13 10:24:54,Call Manager/High,[              cmph.c   7830] =CM= CM PH Event: 0
6,2016-12-13 10:24:54,Call Manager/High,"[              cmph.c  36498] =CM= mode_pref 39, pref_term 0"
6,2016-12-13 10:24:54,Call Manager/High,"[              cmph.c  36508] =CM= rat_disabled_mask as_id_0 0x0, as_id_1 0x0"
6,2016-12-13 10:24:54,Call Manager/High,"[              cmph.c  20016] =CM= RAT_DISABLED_MASK: sys_mode 9, is_rat_disabled=0, on as_id 0"
6,2016-12-13 10:24:54,Call Manager/High,"[              cmph.c  20016] =CM= RAT_DISABLED_MASK: sys_mode 4, is_rat_disabled=0, on as_id 0"
6,2016-12-13 10:24:54,Call Manager/High,[              cmph.c  36547] =CM= After updating from rat_disabled_mask mode_pref 39
6,2016-12-13 10:24:54,Call Manager/High,[             cmdbg.c   3701] =CM= <<CM1 phevt=0
6,2016-12-13 10:24:54,Call Manager/High,[          cmclient.c   1911] =CM= ph evt 0 ct 1 cid id 1
6,2016-12-13 10:24:54,Call Manager/High,[          cmclient.c   1911] =CM= ph evt 0 ct 2 cid id 2
6,2016-12-13 10:24:54,Call Manager/High,[          cmclient.c   1911] =CM= ph evt 0 ct 3 cid id 3
6,2016-12-13 10:24:54,Call Manager/High,[          cmclient.c   1911] =CM= ph evt 0 ct 4 cid id 4
6,2016-12-13 10:24:54,Call Manager/High,[          cmclient.c   1911] =CM= ph evt 0 ct 11 cid id 11
6,2016-12-13 10:24:54,Call Manager/High,[          cmclient.c   1911] =CM= ph evt 0 ct 17 cid id 17
6,2016-12-13 10:24:54,Call Manager/High,"[          cmregprx.c  14859] =CM= ph_stat_chgd: MMOC->CM: ue_mode=  0, is_ue_mode_substate_srlte=0"
6,2016-12-13 10:24:54,Call Manager/High,"[          cmregprx.c  14962] =CM= ph_stat_chgd: MMOC->CM: ss=0, ue_mode=  0, is_ue_mode_substate_srlte=0"
6,2016-12-13 10:24:54,Call Manager/High,[          cmclient.c   1911] =CM= ph evt 0 ct 30 cid id 24
6,2016-12-13 10:24:54,Call Manager/High,[          cmclient.c   1911] =CM= ph evt 0 ct 0 cid id 26
6,2016-12-13 10:24:54,Call Manager/High,[          cmclient.c   1911] =CM= ph evt 0 ct 17 cid id 27
6,2016-12-13 10:24:54,Call Manager/High,[          cmclient.c   1911] =CM= ph evt 0 ct 17 cid id 28
6,2016-12-13 10:24:54,Call Manager/High,"[           cmipapp.c   3907] =CM= CLNUP: send oprt_mode is_cb_success 1, app_id 0"
6,2016-12-13 10:24:54,Call Manager/Medium,[                cm.c  10333] =CM= cm_ph_cmd_get_ph_info_per_subs as_id 0
6,2016-12-13 10:24:54,Call Manager/High,"[             cmdbg.c   3411] =CM= CMD alloc u=3632, tsk=dcc"
6,2016-12-13 10:24:54,Call Manager/High,[           cmipapp.c   4321] =CM= IMS->CM: App 0 confirming oprt mode
6,2016-12-13 10:24:54,Call Manager/Medium,[           cmipapp.c   4377] =CM= Wait for oprt_mode_cnf from IP APP ID 1
6,2016-12-13 10:24:54,Call Manager/High,"[           cmipapp.c   3907] =CM= CLNUP: send oprt_mode is_cb_success 1, app_id 1"
6,2016-12-13 10:24:54,Call Manager/High,"[           cmipapp.c   3914] =CM= CLNUP: Oprt_mode do_callback 0, is_cb_success 1, app_id 255"
6,2016-12-13 10:24:54,Call Manager/High,[              cmph.c  15843] =CM= DSDX: ds1 CM SUBS Event : 38 for ss: 0
6,2016-12-13 10:24:54,Call Manager/High,"[              cmph.c  15961] =CM= DD: 1, DV: 1, Opr: 0"
6,2016-12-13 10:24:54,Call Manager/High,[              cmph.c  15965] =CM= DSDX: ds1 mode_pref=39
6,2016-12-13 10:24:54,Call Manager/High,[              cmph.c  16089] =CM= vs_id 10c01000
6,2016-12-13 10:24:54,Call Manager/High,"[              cmph.c  16091] =CM= as_id 0, is_1x 0, is_gw 0"
6,2016-12-13 10:24:54,Call Manager/High,[          cmclient.c   4086] =CM= subs evt 38 ct 0 cid 0
6,2016-12-13 10:24:54,Call Manager/High,[          cmclient.c   4086] =CM= subs evt 38 ct 1 cid 1
6,2016-12-13 10:24:54,Call Manager/High,[          cmclient.c   4086] =CM= subs evt 38 ct 2 cid 2
6,2016-12-13 10:24:54,Call Manager/High,[          cmclient.c   4086] =CM= subs evt 38 ct 3 cid 3
6,2016-12-13 10:24:54,Call Manager/High,[          cmclient.c   4086] =CM= subs evt 38 ct 6 cid 6
6,2016-12-13 10:24:54,Call Manager/High,[          cmclient.c   4086] =CM= subs evt 38 ct 7 cid 7
6,2016-12-13 10:24:54,Call Manager/High,[          cmclient.c   4086] =CM= subs evt 38 ct 32 cid 23
6,2016-12-13 10:24:54,Call Manager/High,[          cmclient.c   4086] =CM= subs evt 38 ct 17 cid 28
6,2016-12-13 10:24:54,Call Manager/High,[             cmsoa.c   2708] =CM= CMSOA: no svlte - deactivate
6,2016-12-13 10:24:54,Call Manager/High,[              cmph.c  12789] =CM= proc oprt mode 5 when rf status is 1
6,2016-12-13 10:24:54,Call Manager/High,[             cmrpm.c    318] =CM= CMRPM:oprt_mode_chg prev:6 curr:5 rpm_enable:0
6,2016-12-13 10:24:54,Call Manager/High,[             cmrpm.c    320] =CM= check_timer:rpm_ptr->sys_time_efs:0 coin_cell_support:1 curr_systime:3615
6,2016-12-13 10:24:54,Call Manager/High,"[             cmdbg.c   3411] =CM= CMD free u=3632, tsk=ds, ftsk=cm"
6,2016-12-13 10:24:54,Call Manager/High,[             cmdbg.c   3538] =CM= >>CM phcmd 5: 17
6,2016-12-13 10:24:54,Call Manager/High,"[            cmtask.c  10750] =CM= reset cmd_ptr->is_reused = 0, cmd_ptr = 0xe1723220"
6,2016-12-13 10:24:54,Call Manager/High,"[              cmph.c  13042] =CM= cmph_client_cmd_check(), cmd=5, asubs_id=0, ss=0"
6,2016-12-13 10:24:54,Call Manager/High,[              cmph.c  26855] =CM= Updating Phone Object...
6,2016-12-13 10:24:54,Call Manager/High,"[              cmph.c   9811] =CM= HICPS: is_gw_mode: 1, is_ph_ptr_gw_mode: 1, is_ph_obj_gw_mode: 1"
6,2016-12-13 10:24:54,Call Manager/High,"[              cmph.c   9873] =CM= HICPS: phcmd: 5, ph_ptr->main_stack_info.pref_info.mode_pref: 39, Inserting mode preference: 39"
6,2016-12-13 10:24:54,Call Manager/High,[            cmtask.c   5056] =CM= cmtask_orig_para_delete act_type 18 act_id -787654616 ss 0
6,2016-12-13 10:24:54,Call Manager/High,[            cmtask.c   5229] =CM= cmtask_orig_para_insert act_type 18 act_id -787654616 ss 0
6,2016-12-13 10:24:54,Call Manager/High,[            cmtask.c   5056] =CM= cmtask_orig_para_delete act_type 18 act_id -787654616 ss 1
6,2016-12-13 10:24:54,Call Manager/High,[            cmtask.c   5229] =CM= cmtask_orig_para_insert act_type 18 act_id -787654616 ss 1
6,2016-12-13 10:24:54,Call Manager/High,"[              cmph.c  36498] =CM= mode_pref 39, pref_term 0"
6,2016-12-13 10:24:54,Call Manager/High,"[              cmph.c  36508] =CM= rat_disabled_mask as_id_0 0x0, as_id_1 0x0"
6,2016-12-13 10:24:54,Call Manager/High,"[              cmph.c  20016] =CM= RAT_DISABLED_MASK: sys_mode 9, is_rat_disabled=0, on as_id 0"
6,2016-12-13 10:24:54,Call Manager/High,"[              cmph.c  20016] =CM= RAT_DISABLED_MASK: sys_mode 4, is_rat_disabled=0, on as_id 0"
6,2016-12-13 10:24:54,Call Manager/High,[              cmph.c  36547] =CM= After updating from rat_disabled_mask mode_pref 39
6,2016-12-13 10:24:54,Call Manager/High,[          cmclient.c   1911] =CM= ph evt 12 ct 17 cid id 27
6,2016-12-13 10:24:54,Call Manager/High,"[             cmdbg.c   3411] =CM= CMD free u=3632, tsk=dcc, ftsk=cm"
6,2016-12-13 10:24:54,Call Manager/High,[            cmtask.c  10625] =CM= RPT RXD: SD cmd=527
6,2016-12-13 10:24:54,Call Manager/High,[             cmdbg.c   4554] =CM= CM<< SD 527: 0
6,2016-12-13 10:24:54,Call Manager/High,[            cmcall.c  20707] =CM= BSR status 0
6,2016-12-13 10:24:54,Call Manager/Medium,[         cmrpm_tds.c    953] =CM= tds_sd_rpt_proc:rpm_ptr->sys_time_efs:720 coin_cell_support:0                                 curr_systime:3615
6,2016-12-13 10:24:54,Call Manager/High,[              cmph.c   8339] =CM= Ph State 0
6,2016-12-13 10:24:54,Call Manager/High,[             cmwll.c    223] =CM= Send cmd 2 to REG
6,2016-12-13 10:24:54,Call Manager/High,"[           cmssidm.c    490] =CM= cmssidm_update_suspend_state(),suspended 0, new 1"
6,2016-12-13 10:24:54,Call Manager/High,"[           cmssidm.c    540] =CM= Don't suspend IDM timer, since IDM timer is off"
6,2016-12-13 10:24:54,Call Manager/High,[           cmipapp.c   4321] =CM= IMS->CM: App 1 confirming oprt mode
6,2016-12-13 10:24:54,Call Manager/High,[           cmipapp.c   4395] =CM= Sending CM_IP_APP_ALLAPPS_OPRT_CNF
6,2016-12-13 10:24:54,Call Manager/High,[            cmtask.c  10652] =CM= RPT RXD: IP cmd=612
6,2016-12-13 10:24:54,Call Manager/Medium,[          cmipcall.c   3763] =CM= Unkwn report from IP app 612
6,2016-12-13 10:24:54,Call Manager/High,"[              cmph.c  37787] =CM= cmph_ip_rpt_proc, cmd=612"
6,2016-12-13 10:24:54,Call Manager/High,[              cmph.c  37808] =CM= IMS dereg proc done for oprt_mode
6,2016-12-13 10:24:54,Call Manager/High,[           cmclnup.c    882] =CM= CLNUP: Incorrect rpt 612 or incorrect stage 0
6,2016-12-13 10:24:54,Call Manager/Medium,[          cmipsups.c   1111] =CM= cmipsups:  type 612 not applicable
6,2016-12-13 10:24:54,Call Manager/High,[            cmtask.c  10285] =CM= MSGR RXD: CMSDS
6,2016-12-13 10:24:54,Call Manager/High,"[             cmsds.c   3706] =CM= MSGR->CM: RXD: IMS->CM: IMS_REG_STATUS_IND, inst_id=1"
6,2016-12-13 10:24:54,Call Manager/High,[              cmph.c   2796] =CM= ll as_id=0
6,2016-12-13 10:24:54,Call Manager/High,"[             cmsds.c   3472] =CM= IMS_REG: RXD: IMS_REG_STATUS_IND, IMS REG status 0 call_type_mask9, sys_mode=9"
6,2016-12-13 10:24:54,Call Manager/High,"[             cmsds.c   3492] =CM= IMS_REG: RXD: IMS_REG_STATUS_IND, inst_id=1, asubs_id=0, lte as_id=0"
6,2016-12-13 10:24:54,Call Manager/High,[             cmsds.c   3542] =CM= CM's sys_mode 9 srv_status 0
6,2016-12-13 10:24:54,Call Manager/High,[             cmsds.c   3544] =CM= Ignore IMS REG status due to lack of FULL SRV or sys_mode mismatch
6,2016-12-13 10:24:54,Call Manager/High,[           cmipapp.c   1148] =CM= Resetting capabilties before taking new ones
6,2016-12-13 10:24:54,Call Manager/High,[           cmipapp.c   1833] =CM= cmipapp_cap_update (App 1): CallTypeMask:512 and SysmodeMask512
6,2016-12-13 10:24:54,Call Manager/High,"[           cmipapp.c   1851] =CM= CallType:9,Sysmode0=>Sysmode512"
6,2016-12-13 10:24:54,Call Manager/High,[           cmipapp.c   1898] =CM= Current capabilties for App ID 1 are:
6,2016-12-13 10:24:54,Call Manager/High,"[           cmipapp.c   1904] =CM= CallTypeMask:512 , SysmodeMask512"
6,2016-12-13 10:24:54,Call Manager/High,[           cmipapp.c   1162] =CM= cmipapp_cap_reg: Call Type(512) and Sys Mode(512) of APP(1)updated sucessfully
6,2016-12-13 10:24:54,Call Manager/High,[           cmipapp.c   2947] =CM= Registering srv_domain_func
6,2016-12-13 10:24:54,Call Manager/High,[           cmipapp.c   3067] =CM= Registering subs_cmd_cb
6,2016-12-13 10:24:54,Call Manager/High,[           cmipapp.c   1833] =CM= cmipapp_cap_update (App 1): CallTypeMask:512 and SysmodeMask512
6,2016-12-13 10:24:54,Call Manager/High,"[           cmipapp.c   1851] =CM= CallType:9,Sysmode512=>Sysmode512"
6,2016-12-13 10:24:54,Call Manager/High,[           cmipapp.c   1898] =CM= Current capabilties for App ID 1 are:
6,2016-12-13 10:24:54,Call Manager/High,"[           cmipapp.c   1904] =CM= CallTypeMask:512 , SysmodeMask512"
6,2016-12-13 10:24:54,Call Manager/High,[            cmtask.c  10285] =CM= MSGR RXD: CMSDS
6,2016-12-13 10:24:54,Call Manager/High,"[             cmsds.c   3706] =CM= MSGR->CM: RXD: IMS->CM: IMS_REG_STATUS_IND, inst_id=1"
6,2016-12-13 10:24:54,Call Manager/High,[              cmph.c   2796] =CM= ll as_id=0
6,2016-12-13 10:24:54,Call Manager/High,"[             cmsds.c   3472] =CM= IMS_REG: RXD: IMS_REG_STATUS_IND, IMS REG status 0 call_type_mask9, sys_mode=9"
6,2016-12-13 10:24:54,Call Manager/High,"[             cmsds.c   3492] =CM= IMS_REG: RXD: IMS_REG_STATUS_IND, inst_id=1, asubs_id=0, lte as_id=0"
6,2016-12-13 10:24:54,Call Manager/High,[             cmsds.c   3542] =CM= CM's sys_mode 9 srv_status 0
6,2016-12-13 10:24:54,Call Manager/High,[             cmsds.c   3544] =CM= Ignore IMS REG status due to lack of FULL SRV or sys_mode mismatch
6,2016-12-13 10:24:54,Call Manager/High,[           cmipapp.c   1148] =CM= Resetting capabilties before taking new ones
6,2016-12-13 10:24:54,Call Manager/High,[           cmipapp.c   1833] =CM= cmipapp_cap_update (App 1): CallTypeMask:512 and SysmodeMask512
6,2016-12-13 10:24:54,Call Manager/High,"[           cmipapp.c   1851] =CM= CallType:9,Sysmode0=>Sysmode512"
6,2016-12-13 10:24:54,Call Manager/High,[           cmipapp.c   1898] =CM= Current capabilties for App ID 1 are:
6,2016-12-13 10:24:54,Call Manager/High,"[           cmipapp.c   1904] =CM= CallTypeMask:512 , SysmodeMask512"
6,2016-12-13 10:24:54,Call Manager/High,[           cmipapp.c   1162] =CM= cmipapp_cap_reg: Call Type(512) and Sys Mode(512) of APP(1)updated sucessfully
6,2016-12-13 10:24:54,Call Manager/High,[           cmipapp.c   2947] =CM= Registering srv_domain_func
6,2016-12-13 10:24:54,Call Manager/High,[           cmipapp.c   3067] =CM= Registering subs_cmd_cb
6,2016-12-13 10:24:54,Call Manager/High,[           cmipapp.c   1833] =CM= cmipapp_cap_update (App 1): CallTypeMask:512 and SysmodeMask512
6,2016-12-13 10:24:54,Call Manager/High,"[           cmipapp.c   1851] =CM= CallType:9,Sysmode512=>Sysmode512"
6,2016-12-13 10:24:54,Call Manager/High,[           cmipapp.c   1898] =CM= Current capabilties for App ID 1 are:
6,2016-12-13 10:24:54,Call Manager/High,"[           cmipapp.c   1904] =CM= CallTypeMask:512 , SysmodeMask512"
6,2016-12-13 10:24:55,Call Manager/High,"[             cmdbg.c   3411] =CM= CMD alloc u=3632, tsk=mmgsdi_1"
6,2016-12-13 10:24:55,Call Manager/High,[             cmdbg.c   3538] =CM= >>CM phcmd 17: 23
6,2016-12-13 10:24:55,Call Manager/High,"[            cmtask.c  10750] =CM= reset cmd_ptr->is_reused = 0, cmd_ptr = 0xe179fb80"
6,2016-12-13 10:24:55,Call Manager/High,"[              cmph.c  13042] =CM= cmph_client_cmd_check(), cmd=17, asubs_id=0, ss=0"
6,2016-12-13 10:24:55,Call Manager/High,[              cmph.c  26855] =CM= Updating Phone Object...
6,2016-12-13 10:24:55,Call Manager/High,"[              cmph.c   9811] =CM= HICPS: is_gw_mode: 1, is_ph_ptr_gw_mode: 1, is_ph_obj_gw_mode: 1"
6,2016-12-13 10:24:55,Call Manager/High,"[              cmph.c   9873] =CM= HICPS: phcmd: 17, ph_ptr->main_stack_info.pref_info.mode_pref: 39, Inserting mode preference: 39"
6,2016-12-13 10:24:55,Call Manager/High,[            cmtask.c   5056] =CM= cmtask_orig_para_delete act_type 18 act_id -787654616 ss 0
6,2016-12-13 10:24:55,Call Manager/High,[            cmtask.c   5229] =CM= cmtask_orig_para_insert act_type 18 act_id -787654616 ss 0
6,2016-12-13 10:24:55,Call Manager/High,[            cmtask.c   5056] =CM= cmtask_orig_para_delete act_type 18 act_id -787654616 ss 1
6,2016-12-13 10:24:55,Call Manager/High,[            cmtask.c   5229] =CM= cmtask_orig_para_insert act_type 18 act_id -787654616 ss 1
6,2016-12-13 10:24:55,Call Manager/High,"[              cmnv.c   1212] =CM= NV read failed, item=37, stat=5"
6,2016-12-13 10:24:55,Call Manager/High,[              cmph.c   7830] =CM= CM PH Event: 22
6,2016-12-13 10:24:55,Call Manager/High,"[              cmph.c  36498] =CM= mode_pref 39, pref_term 0"
6,2016-12-13 10:24:55,Call Manager/High,"[              cmph.c  36508] =CM= rat_disabled_mask as_id_0 0x0, as_id_1 0x0"
6,2016-12-13 10:24:55,Call Manager/High,"[              cmph.c  20016] =CM= RAT_DISABLED_MASK: sys_mode 9, is_rat_disabled=0, on as_id 0"
6,2016-12-13 10:24:55,Call Manager/High,"[              cmph.c  20016] =CM= RAT_DISABLED_MASK: sys_mode 4, is_rat_disabled=0, on as_id 0"
6,2016-12-13 10:24:55,Call Manager/High,[              cmph.c  36547] =CM= After updating from rat_disabled_mask mode_pref 39
6,2016-12-13 10:24:55,Call Manager/High,[             cmdbg.c   3701] =CM= <<CM1 phevt=22
6,2016-12-13 10:24:55,Call Manager/High,[          cmclient.c   1911] =CM= ph evt 22 ct 1 cid id 1
6,2016-12-13 10:24:55,Call Manager/High,[          cmclient.c   1911] =CM= ph evt 22 ct 4 cid id 4
6,2016-12-13 10:24:55,Call Manager/High,[          cmclient.c   1911] =CM= ph evt 22 ct 11 cid id 11
6,2016-12-13 10:24:55,Call Manager/High,[          cmclient.c   1911] =CM= ph evt 22 ct 30 cid id 24
6,2016-12-13 10:24:55,Call Manager/High,[          cmclient.c   1911] =CM= ph evt 22 ct 17 cid id 27
6,2016-12-13 10:24:55,Call Manager/High,[          cmclient.c   1911] =CM= ph evt 22 ct 17 cid id 28
6,2016-12-13 10:24:55,Call Manager/High,"[             cmdbg.c   3411] =CM= CMD free u=3632, tsk=mmgsdi_1, ftsk=cm"
6,2016-12-13 10:24:55,Call Manager/High,[          cmmmgsdi.c   5790] =CM= <<CM mmgsdievt 0
6,2016-12-13 10:24:55,Call Manager/High,"[                cm.c  27063] =CM= cm_get_operator_info() asubs_id=0,operator=0"
6,2016-12-13 10:24:55,Call Manager/High,[          cmmmgsdi.c   5882] =CM= MMGSDI_CARD_INSERTED_EVT send to CMRPM_TDS
6,2016-12-13 10:24:55,Call Manager/Medium,[         cmrpm_tds.c    776] =CM= tds_sim_evt:rpm_ptr->sys_time_efs:720 coin_cell_support:0                                 curr_systime:3615
6,2016-12-13 10:24:55,Call Manager/High,"[         cmrpm_tds.c    790] =CM= cmrpm_tds_sim_evt_proc(), sim event =2 is_rpm_enabled = 0"
6,2016-12-13 10:24:55,Call Manager/High,[            cmtask.c  10664] =CM= RPT RXD: GENERIC cmd=802
6,2016-12-13 10:24:55,Call Manager/High,[             cmdbg.c   4587] =CM= CM<< GEN 802: 0
6,2016-12-13 10:24:55,Call Manager/High,[            cmtask.c   9800] =CM= cmtask: Generic rpt 802 isn't processed
6,2016-12-13 10:24:55,Call Manager/Medium,[              cmss.c  27410] =CM= CMSS: MMGSDI card evt 0 isn't processed
6,2016-12-13 10:24:55,Call Manager/High,[             cmsoa.c   1628] =CM= CMSOA: Unknown reports
6,2016-12-13 10:24:55,Call Manager/High,"[             cmdbg.c   3411] =CM= CMD alloc u=3632, tsk=mmgsdi_1"
6,2016-12-13 10:24:55,Call Manager/High,[             cmdbg.c   3538] =CM= >>CM phcmd 17: 23
6,2016-12-13 10:24:55,Call Manager/High,"[            cmtask.c  10750] =CM= reset cmd_ptr->is_reused = 0, cmd_ptr = 0xe179f9d0"
6,2016-12-13 10:24:55,Call Manager/High,"[              cmph.c  13042] =CM= cmph_client_cmd_check(), cmd=17, asubs_id=0, ss=0"
6,2016-12-13 10:24:55,Call Manager/High,[              cmph.c  26855] =CM= Updating Phone Object...
6,2016-12-13 10:24:55,Call Manager/High,"[              cmph.c   9811] =CM= HICPS: is_gw_mode: 1, is_ph_ptr_gw_mode: 1, is_ph_obj_gw_mode: 1"
6,2016-12-13 10:24:55,Call Manager/High,"[              cmph.c   9873] =CM= HICPS: phcmd: 17, ph_ptr->main_stack_info.pref_info.mode_pref: 39, Inserting mode preference: 39"
6,2016-12-13 10:24:55,Call Manager/High,[            cmtask.c   5056] =CM= cmtask_orig_para_delete act_type 18 act_id -787654616 ss 0
6,2016-12-13 10:24:55,Call Manager/High,[            cmtask.c   5229] =CM= cmtask_orig_para_insert act_type 18 act_id -787654616 ss 0
6,2016-12-13 10:24:55,Call Manager/High,[            cmtask.c   5056] =CM= cmtask_orig_para_delete act_type 18 act_id -787654616 ss 1
6,2016-12-13 10:24:55,Call Manager/High,[            cmtask.c   5229] =CM= cmtask_orig_para_insert act_type 18 act_id -787654616 ss 1
6,2016-12-13 10:24:55,Call Manager/High,"[              cmnv.c   1212] =CM= NV read failed, item=37, stat=5"
6,2016-12-13 10:24:55,Call Manager/High,[              cmph.c   7830] =CM= CM PH Event: 22
6,2016-12-13 10:24:55,Call Manager/High,"[              cmph.c  36498] =CM= mode_pref 39, pref_term 0"
6,2016-12-13 10:24:55,Call Manager/High,"[              cmph.c  36508] =CM= rat_disabled_mask as_id_0 0x0, as_id_1 0x0"
6,2016-12-13 10:24:55,Call Manager/High,"[              cmph.c  20016] =CM= RAT_DISABLED_MASK: sys_mode 9, is_rat_disabled=0, on as_id 0"
6,2016-12-13 10:24:55,Call Manager/High,"[              cmph.c  20016] =CM= RAT_DISABLED_MASK: sys_mode 4, is_rat_disabled=0, on as_id 0"
6,2016-12-13 10:24:55,Call Manager/High,[              cmph.c  36547] =CM= After updating from rat_disabled_mask mode_pref 39
6,2016-12-13 10:24:55,Call Manager/High,[             cmdbg.c   3701] =CM= <<CM1 phevt=22
6,2016-12-13 10:24:55,Call Manager/High,[          cmclient.c   1911] =CM= ph evt 22 ct 1 cid id 1
6,2016-12-13 10:24:55,Call Manager/High,[          cmclient.c   1911] =CM= ph evt 22 ct 4 cid id 4
6,2016-12-13 10:24:55,Call Manager/High,[          cmclient.c   1911] =CM= ph evt 22 ct 11 cid id 11
6,2016-12-13 10:24:55,Call Manager/High,[          cmclient.c   1911] =CM= ph evt 22 ct 30 cid id 24
6,2016-12-13 10:24:55,Call Manager/High,[          cmclient.c   1911] =CM= ph evt 22 ct 17 cid id 27
6,2016-12-13 10:24:55,Call Manager/High,[          cmclient.c   1911] =CM= ph evt 22 ct 17 cid id 28
6,2016-12-13 10:24:55,Call Manager/High,"[             cmdbg.c   3411] =CM= CMD free u=3632, tsk=mmgsdi_1, ftsk=cm"
6,2016-12-13 10:24:55,Call Manager/High,[          cmmmgsdi.c   5790] =CM= <<CM mmgsdievt 13
6,2016-12-13 10:24:55,Call Manager/High,"[          cmmmgsdi.c   5967] =CM= MMGSDI_SESSION_CHANGED_EVT, slot 1 app type 3 activated 1"
6,2016-12-13 10:24:55,Call Manager/High,[            cmtask.c  10664] =CM= RPT RXD: GENERIC cmd=802
6,2016-12-13 10:24:55,Call Manager/High,[             cmdbg.c   4587] =CM= CM<< GEN 802: 13
6,2016-12-13 10:24:55,Call Manager/High,[            cmtask.c   9800] =CM= cmtask: Generic rpt 802 isn't processed
6,2016-12-13 10:24:55,Call Manager/High,"[              cmph.c  39003] =CM= oprt_mode_online: session_change activated 1, session 2071133471"
6,2016-12-13 10:24:55,Call Manager/High,"[          cmmmgsdi.c   7153] =CM= oprt_mode_online: update state->2, session->2071133471"
6,2016-12-13 10:24:55,Call Manager/High,[          cmmmgsdi.c   7161] =CM= oprt_mode_online: updating state
6,2016-12-13 10:24:55,Call Manager/High,[              cmph.c  38848] =CM= session id 2071133471 not found in subsc chgd evt processing
6,2016-12-13 10:24:55,Call Manager/Medium,[              cmss.c  27410] =CM= CMSS: MMGSDI card evt 13 isn't processed
6,2016-12-13 10:24:55,Call Manager/High,[             cmsoa.c   1628] =CM= CMSOA: Unknown reports
6,2016-12-13 10:24:55,Call Manager/High,[          cmmmgsdi.c   5790] =CM= <<CM mmgsdievt 26
6,2016-12-13 10:24:55,Call Manager/High,[          cmmmgsdi.c   6351] =CM= unsupported event: 26
6,2016-12-13 10:24:55,Call Manager/High,[          cmmmgsdi.c   5790] =CM= <<CM mmgsdievt 14
6,2016-12-13 10:24:55,Call Manager/High,[            cmtask.c  10664] =CM= RPT RXD: GENERIC cmd=802
6,2016-12-13 10:24:55,Call Manager/High,[             cmdbg.c   4587] =CM= CM<< GEN 802: 14
6,2016-12-13 10:24:55,Call Manager/High,[            cmtask.c   9800] =CM= cmtask: Generic rpt 802 isn't processed
6,2016-12-13 10:24:55,Call Manager/High,[          cmmmgsdi.c   5335] =CM= MMGSDI_PIN_REPLACED_BY_UNIVERSAL
6,2016-12-13 10:24:55,Call Manager/High,[          cmmmgsdi.c   5527] =CM= UPIN status 3 
6,2016-12-13 10:24:55,Call Manager/Medium,[              cmss.c  27410] =CM= CMSS: MMGSDI card evt 14 isn't processed
6,2016-12-13 10:24:55,Call Manager/High,[             cmsoa.c   1628] =CM= CMSOA: Unknown reports
6,2016-12-13 10:24:55,Call Manager/High,[          cmmmgsdi.c   5790] =CM= <<CM mmgsdievt 15
6,2016-12-13 10:24:55,Call Manager/High,[          cmmmgsdi.c   6351] =CM= unsupported event: 15
6,2016-12-13 10:24:55,Call Manager/High,[          cmmmgsdi.c   5790] =CM= <<CM mmgsdievt 4
6,2016-12-13 10:24:55,Call Manager/High,[          cmmmgsdi.c   6351] =CM= unsupported event: 4
6,2016-12-13 10:24:55,Call Manager/High,[          cmmmgsdi.c   5790] =CM= <<CM mmgsdievt 19
6,2016-12-13 10:24:55,Call Manager/High,[          cmmmgsdi.c   6114] =CM= perso status 1
